{
  "MAE": [
    3523696.15002956
  ],
  "MSE": [
    3135797162445878.5
  ],
  "RMSE": [
    55998188.921123855
  ],
  "MSPE": [
    165.18896539063505
  ],
  "RMSPE": [
    12.852585941771991
  ],
  "MedAE": [
    1371096.6051455867
  ],
  "MAPE_proc": [
    47.588477073716085
  ],
  "SMAPE": [
    0.47588477073716084
  ],
  "MRE": [
    47.588477073716085
  ],
  "MSLE": [
    0.07255289265036652
  ],
  "RMSLE": [
    0.26935644163518074
  ],
  "R_2": [
    0.3052773067203822
  ],
  "Adjusted R_2": [
    0.30359721026632225
  ],
  "WAPE": [
    0.18105372481449242
  ]
}